feat0,feat1,depth,distance,MMAP
color,edge,99,d1,0.29440478608245046
color,edge,50,d1,0.30895029569469196
color,edge,30,d1,0.32342095849468083
color,edge,10,d1,0.3834983134920635
color,edge,5,d1,0.3825138888888889
color,edge,3,d1,0.38166666666666665
color,edge,1,d1,0.3